{
    "small_lego": {
        "A": 24731.486696215812,
        "B": -68.50657583004536
    }
}